ID,LAT,LON,TIPOLOGIA,name,LEGALE_RA,UBICAZIONE,housenumber,street,City,CODICEFISCALE,POSTILETTO
278,40.7259988,16.5756483,guest_house,Angolo Felice,Rega Francesco,via Ungheria 8,8,Via Ungheria ,Matera,null,6
279,40.665452,16.6101048,guest_house,Belvedere,Ritella Antonia,arco del sedile 4,4,Arco del Sedile ,Matera,null,2
280,40.666178,16.6109311,guest_house,Del Castelvecchio,Coretti Francesco,salita castelvecchio 23,23,Salita Castelvecchio ,Matera,null,8
281,40.658884,16.592437,guest_house,Villa Nick House,Manicone Nicola,C.DA POZZO MISSEO,,C.Da Pozzo Misseo,Matera,null,4
282,40.666601,16.608135,guest_house,Fiorentini,Logallo Giovanni,via Fiorentini 14,14,Via Fiorentini ,Matera,null,4
283,40.6419824,16.6227369,guest_house,Home Sweet Home,Bruno Vincenzo,via dell'Ariete 1,1,Via dell'ariete ,Matera,null,3
284,40.6572151,16.6124274,guest_house,I Tre Fiori,Pepe Angela,via fosse ardeatine 4,4,Via Fosse Ardeatine ,Matera,null,5
285,40.6645267,16.610666,guest_house,Il Cortile,Donatella Acito,via San Pietro Caveoso 55,55,Via San Pietro Caveoso ,Matera,null,8
286,40.668078,16.6052844,guest_house,Lucana 22,Angelo Catoggio,VIA LUCANA 22,22,Via Lucana ,Matera,null,6
287,40.6763994,16.5732106,guest_house,Matera,Emanuele Montemurro,via del Commercio,,Via del Commercio,Matera,null,4
288,40.6669025,16.6045068,guest_house,Santa Marta,Carbone Maria,via  Lucana 53,53,Via  Lucana ,Matera,null,4
289,40.6669499,16.6101862,guest_house,Tre Corone,Maria Torelli,Via Sette Dolori 2,2,Via Sette Dolori ,Matera,null,2
290,40.6440597,16.6223163,guest_house,Villa Rossana,Di Pede Massimiliano,via columella 10,10,Via Columella ,Matera,null,6
291,40.7096401,16.4864765,guest_house,Al Borghetto,Lamacchia Francesco,BORGO  PICCIANO A,,Borgo  Picciano A,Matera,null,2
292,40.6665076,16.6113147,guest_house,Al Campanile,Sinno Patrizia,VIA RISCATTO 7,7,Via Riscatto ,Matera,null,4
293,40.6635375,16.6075749,guest_house,Al Castello,Melodia Francesca,VIA LANERA 5,5,Via Lanera ,Matera,null,7
294,40.6642679,16.6036248,guest_house,Al Centro B&B,Buono Francesco Paolo,VIA GRAMSCI 27,27,Via Gramsci ,Matera,null,6
295,40.663392,16.6113458,guest_house,Al Convento,Montemurro Vincenzo E.,via Purgatorio Vecchio 3,3,Via Purgatorio Vecchio ,Matera,null,4
296,40.661369,16.6108069,guest_house,Al Vecchio Mulino,Musolino Fabio,via lucana 205/B,205/B,Via Lucana ,Matera,null,8
297,40.6572151,16.6124274,guest_house,Alessandro B&B,Alessandro Montemurro,VIA FOSSE ARDEATINE 7,7,Via Fosse Ardeatine ,Matera,null,3
298,40.6662804,16.6062283,guest_house,Amadeus Luxury Home,Conterosito Federica,VIA A. PERSIO 2,2,Via A. Persio ,Matera,null,3
299,40.6901477,16.5814859,guest_house,Amaranto B&B,Antonio Maragno,VIA CADUTI NASSIRIA 139,139,Via Caduti Nassiria ,Matera,null,6
300,40.6734,16.60121,guest_house,Aurora,Auletta Maria Aurora,VIA GUGLIELMO MARCONI 13,13,Via Guglielmo Marconi ,Matera,null,3
301,40.6710809,16.5957062,guest_house,B & B dell'Angelo,Di Cuia Angela Saveria,C.DA PEDALE DELLA PALOMBA,,C.Da Pedale della Palomba,Matera,null,
302,40.68490445,16.58722994,guest_house,Villa dei Piceni,Anna Maria Berardi,VIA DEI PICENI 20,20,Via dei Piceni ,Matera,null,2
305,40.6490276,16.6252952,guest_house,B&B Agna,Fiore Antonio,CONTRADA AGNA SNC.,,Contrada Agna Snc.,Matera,null,2
306,40.6602956,16.6090475,guest_house,B&B Don Milani,Cavone Rosalba,VIA D.L. MILANI 10,10,Via D.L. Milani ,Matera,null,4
307,40.669989,16.60884,guest_house,B&B Pata',Teresa Lionetti,VIA SANTA CESAREA 10,10,Via Santa Cesarea ,Matera,null,2
310,40.6710809,16.5957062,guest_house,Best Value,Sinno Carmine,via Fratelli grimm 5,5,Via Fratelli Grimm ,Matera,null,4
311,40.6806036,16.5838406,guest_house,Buon Vento,Francesco Paolo Nicoletti,VIA GRAVINA 7,7,Via Gravina ,Matera,null,4
312,40.6616999,16.6090141,guest_house,Casa e Bottega,Andrea Rizzelli,VIA CHIANCALATA 5,5,Via Chiancalata ,Matera,null,4
313,40.66654,16.6116928,guest_house,Casa Lamanna,Provinzano Antonia,VIA SAN POTITO 43,43,Via San Potito ,Matera,null,4
314,40.6673746,16.6103511,guest_house,Casa nei Sassi,Lionetti Giuseppe,VIA DEI FIORENTINI 72,72,Via dei Fiorentini ,Matera,null,6
316,40.6715245,16.6065459,guest_house,Conte Gattini,Framcesco Festa,VIA LAURA BATTISTA 2,2,Via Laura Battista ,Matera,null,4
317,40.6653869,16.606358,guest_house,Da Vinci,Vincenzo Frascella,VIA LUCANA 101,101,Via Lucana ,Matera,null,6
318,40.6686036,16.6021741,guest_house,Dante,Barbosa Cutino Danexys,VIA DANTE 5,5,Via Dante ,Matera,null,3
320,40.6686766,16.6059701,guest_house,Del Corso,Michele Guarini,VIA XXSETTEMBRE 39,39,Via Xxsettembre ,Matera,null,4
321,40.665389,16.6114459,guest_house,Della Torre,Montanaro Anna Maria,VIA MURO 26,26,Via Muro ,Matera,null,4
322,40.69233962,16.59229993,guest_house,B & B Serritello La Valle,Francesco P. Manicone,C.DA SERRITELLOM LA VALLE,,C.Da Serritellom La Valle,Matera,null,6
323,40.6663738,16.6075909,guest_house,Domus del Barisano,Andrisani Fabio,VIA LOMBARDI 16,16,Via Lombardi ,Matera,null,8
324,40.6602956,16.6090475,guest_house,Don Milani,Cavone Rosalba,VIA DON L. MILANI 10,10,Via Don L. Milani ,Matera,null,4
326,40.6833836,16.5792271,guest_house,Edone',Francesca Tataranni,VIA CILEA 66,66,Via Cilea ,Matera,null,4
327,40.6744738,16.6017041,guest_house,Elizabeth,Saluzzi Francesco,VIA UMBRIA 6,6,Via Umbria ,Matera,null,4
328,40.6632427,16.6123433,guest_house,Fofo',Raffaele Stifano,RIONE MALVE 67,67,Rione Malve ,Matera,null,2
329,40.6584495,16.6099328,guest_house,Francaro',Roberto Maria Francesca,VIA MORELLI 1,1,Via Morelli ,Matera,null,2
331,40.666601,16.608135,guest_house,Il Caminetto,Battente Concetta Immacolata,via Fiorentini 52,52,Via Fiorentini ,Matera,null,2
333,40.6756892,16.5742617,guest_house,Il Crusco,Dileo Nicla,VIA DELL'AGRICOLTURA 8,8,Via dell'agricoltura ,Matera,null,3
336,40.6774682,16.5792931,guest_house,Il Moderno,Fedele Giudicepietro,VIA COSENZA 70,70,Via Cosenza ,Matera,null,4
337,40.66444,16.603387,guest_house,Il Picchiolino,Michele Grossi,via Antonio Gramsci 20,20,Via Antonio Gramsci ,Matera,null,3
338,40.6663864,16.6067083,guest_house,Il Ponticello Ai Sassi,Angela De Simone,VIA LOMBARDI 4,4,Via Lombardi ,Matera,null,3
339,40.6670941,16.6070503,guest_house,Il Portico dei Sassi,Gurrado Bruna,VIA PENTASUGLIA 8,8,Via Pentasuglia ,Matera,null,2
341,40.6697833,16.6075564,guest_house,Il Re degli Scalzi,Lamacchia Angelo,VIA F. PAOLO FESTA 10,10,Via F. Paolo Festa ,Matera,null,2
342,40.6636504,16.6120014,guest_house,Il Sasso e La Seta,Paolicelli Luciana,RIONE MALVE 31,31,Rione Malve ,Matera,null,5
344,40.6550333,16.586422,guest_house,Il Villino,Biagio Paolicelli,Cda . Pozzo Misseo,,Cda . Pozzo Misseo,Matera,null,8
348,40.6648188,16.6034347,guest_house,La Casa di Nina,Anna Miglio,VICO 2 PASSARELLI  2,2 PASSARELLI  2,Vico ,Matera,null,4
349,40.6676142,16.6041146,guest_house,La Casa di Rosa,Ciniero Vito Domenico,via spine bianche 8,8,Via Spine Bianche ,Matera,null,4
352,40.662352,16.597222,guest_house,La Locanda di Zi Nicola,Raucci Giuseppe,VIA ANNIBALE DI FRANCIA 9,9,Via Annibale di Francia ,Matera,null,6
353,40.669989,16.60884,guest_house,La Mansarda sui Sassi,Angela Fontanarosa,VIA SANTA CESAREA 36,36,Via Santa Cesarea ,Matera,null,3
354,40.664793,16.611572,guest_house,La Piazzetta,Ramundo Giuseppina,San Pietro Caveoso 8,8,San Pietro Caveoso ,Matera,null,4
356,40.6646524,16.6097362,guest_house,L'Albero di Eliana,Eliana Viggiani,GRADONI MUNICIPIO 14,14,Gradoni Municipio ,Matera,null,4
357,40.662543,16.610435,guest_house,Landscape Sassi Matera,Cataldo Montanaro,VIA CASALNUOVO 173,173,Via Casalnuovo ,Matera,null,2
358,40.67243,16.6013056,guest_house,L'Angolino,Maragno Francesco Paolo,VIA DELLA CROCE 43/1,43/1,Via della Croce ,Matera,null,2
359,40.665985,16.610805,guest_house,L'Antica Civita,Giuseppe Santochirico,RECINTO CASTELVECCHIO 5,5,Recinto Castelvecchio ,Matera,null,4
360,40.666087,16.609681,guest_house,L'Arturo,Monica Celeste Lascaro,VIA TRE CORONE  9/10,9/10,Via Tre Corone  ,Matera,null,6
361,40.6674503,16.6012834,guest_house,L'Attico del Centro Matera,Immacolata Nicoletti,VIALE ALDO MORO 10,10,Viale Aldo Moro ,Matera,null,2
362,40.6596574,16.6136478,guest_house,Le Ali di Angelo,Pagliei Rosalia,VIA LUCANA 282,282,Via Lucana ,Matera,null,4
363,40.646172,16.618913,guest_house,Le Sorbole,Duni Angela Raffaella,via Manicone 17,17,Via Manicone ,Matera,null,6
365,40.6616204,16.607579,guest_house,L'Edera,Tommaso Felicetti,VIA CAROPRESO 10F,10F,Via Caropreso ,Matera,null,5
366,40.642495,16.62292,guest_house,Lo Speziale,Ventura Nicola,VIA DELL'ARIETE 13,13,Via dell'ariete ,Matera,null,3
367,40.6659269,16.6074773,guest_house,Lo Straniero,D'Ambrosio Teresa Maria,VIA DEL CORSO 17BIS,17BIS,Via del Corso ,Matera,null,6
368,40.668078,16.6052844,guest_house,Lucana 22,Catoggio Angelo Maria Giovanni,VIA LUCANA 22,22,Via Lucana ,Matera,null,6
369,40.669234,16.607573,guest_house,Margot,D'Anzi Margherita,VIA T. STIGLIANI 32,32,Via T. Stigliani ,Matera,null,8
370,40.6628731,16.6081203,guest_house,Marisol,Chironne Maria Antonia,VIA P. VENA 74,74,Via P. Vena ,Matera,null,4
371,40.715046,16.516131,guest_house,Masseria La Fiorita,Castoro Giuseppe,CONTRADA MARRONI  snc,,Contrada Marroni  Snc,Matera,null,4
372,40.6591175,16.6147381,guest_house,Matera Residence,Pompilio Gaetano,via lucana 295,295,Via Lucana ,Matera,null,2
373,40.6695783,16.5950964,guest_house,Materapartment,Bitetti Annunziata,VIA LAZAZZERA 30,30,Via Lazazzera ,Matera,null,3
374,40.666178,16.6109311,guest_house,Matera's,Tommaso Mattei,SALITA CASTELVECCHIO 16 17 18,16 17 18,Salita Castelvecchio ,Matera,null,4
375,40.6752065,16.5859766,guest_house,Meucci,Taccardi Massimo,VIA MEUCCI 1,1,Via Meucci ,Matera,null,4
376,40.6647072,16.6004856,Bed & breakfast,Misty2d,Danieliulian Bleau,VIA CAPPELLUTI 47,47,Via Cappelluti ,Matera,null,5
377,40.6657398,16.6115226,Bed & breakfast,Nei Sassi Da Nino,Benigno Olivopotenza,RECINTO CAVONE 2,2,Recinto Cavone ,Matera,null,2
379,40.6650298,16.6078366,guest_house,Netta,Florio Maria Carmela,VIA SCOTELLARO 5,5,Via Scotellaro ,Matera,null,7
381,40.6743411,16.5799202,guest_house,Orione,Burdo Addolorata,VIA SINNI 9,9,Via Sinni ,Matera,null,3
382,40.669989,16.60884,guest_house,Pata',Teresa Lionetti,VIA SANTA CESAREA 10,10,Via Santa Cesarea ,Matera,null,2
383,40.66647,16.61176,guest_house,Ponticello a San Potito,Amabile Trilli,VIA SAN POTITO 55,55,Via San Potito ,Matera,null,2
384,40.648251,16.6024079,guest_house,Portapepice,Aldo Urgo,CONTRADA CHIANCALATA,,Contrada Chiancalata,Matera,null,2
385,40.6667908,16.6101923,guest_house,I San Gennaro  B & B,Di Benedetto Franco,VIA SAN GENNARO 24,24,Via San Gennaro ,Matera,null,6
386,40.6721108,16.6022857,guest_house,Rooms Matera,Nicola Plasmati,VIA ANNUNZIATELLA  147,147,Via Annunziatella  ,Matera,null,4
387,40.6668635,16.6128911,guest_house,San Potito,Gaudiano Francesca,via San Potito 10,10,Via San Potito ,Matera,null,
388,40.6678407,16.6091579,guest_house,San Rocco,Stasi Teresa,via San Rocco 78,78,Via San Rocco ,Matera,null,2
389,40.6643476,16.6115588,guest_house,Sassolino,Grande Grazia,via Bruno Buozzi 180,180,Via Bruno Buozzi ,Matera,null,6
395,40.6553849,16.5857851,guest_house,Villa Raffy,Loperfido Maria Raffaella,C.DA POZZO MISSEO,,C.Da Pozzo Misseo,Matera,null,2
396,40.6593082,16.6072331,guest_house,Accerassole,Venezia Filomena,VIA P. VENA 85,85,Via P. Vena ,Matera,null,2
397,40.6657398,16.6115226,guest_house,Uno Sguardo sui Sassi,Rondinone Angela,VICO SANTO STEFANO 90,90,Vico Santo Stefano ,Matera,null,3
398,40.676691,16.599124,guest_house,Tra I Mulini,Marcosano Maria Pia,VIA MARCONI 121,121,Via Marconi ,Matera,null,2
399,40.6684906,16.5924608,guest_house,Da Annalisa,Melodia Annalisa,VIALE DELLA LIBERTA' 2,2,Viale della Liberta' ,Matera,null,2
401,40.6713,16.6051413,guest_house,Mefite Dimora B&B,Michele Frascella,VIA ANNUNZIATELLA 34,34,Via Annunziatella ,Matera,null,6
402,40.65795637,16.6118297,guest_house,I Like Matera,Antonio Sacco,VIA M. MORELLI 4,4,Via M. Morelli ,Matera,null,3
404,40.673475,16.607125,guest_house,Da Luciano,Santarsia Anna Maria,VIA CERERIE 4,4,Via Cererie ,Matera,null,4
405,40.6657214,16.5938137,guest_house,Casamia 2019,Concetta Casamia,VIA SANTA CATERINA DA SIENA 6,6,Via Santa Caterina Da Siena ,Matera,null,4
406,40.6677138,16.6078866,guest_house,Bed & Breakfast Giusto,Francesco Giusto,VIA LAURA BATTISTA 15,15,Via Laura Battista ,Matera,null,2
407,40.667691,16.609197,guest_house,Hoplites,Simona Loperfido,VIA SAN ROCCO 119,119,Via San Rocco ,Matera,null,8
408,40.6655016,16.603939,guest_house,B & B Aurelia,Maria Rosaria Liantonio,VIA TORRACA  23,23,Via Torraca  ,Matera,null,6
409,40.6710931,16.6086155,guest_house,La Corte degli Artigiani,Sacco Claudia,VIA SANTO STEFANO 26,26,Via Santo Stefano ,Matera,null,
410,40.6810388,16.6238437,guest_house,Il Casale Verde,Rosanna Matera,C.DA PEDALE DELLA PALOMBA,,C.Da Pedale della Palomba,Matera,null,3
411,40.6674937,16.6045006,guest_house,Le Notti sui Sassi,Festa Cosimo Damiano,VIA LUCANA 262,262,Via Lucana ,Matera,null,2
412,40.6633785,16.6119767,guest_house,Un Posto a Malve,Saponaro Leonardo Antonio,RIONE MALVE 23,23,Rione Malve ,Matera,null,3
413,40.6719431,16.6084047,guest_house,Il Peccato Originale,Giovanni Azzone,VIA SANTO STEFANO 60,60,Via Santo Stefano ,Matera,null,5
721,40.65935355,16.53170708,guest_house,Al Borgo,Scarciolla Eustachio Vincenzo,via Tagliamento 2,2,Via Tagliamento ,Matera,null,6
722,40.668927,16.610487,guest_house,Delle Virtu',Genco Marianna,via Casale 63,63,Via Casale ,Matera,null,
723,40.661286,16.611772,guest_house,Domina Sassi Rooms,Moliterni Maria Raffaella,via san francesco paolo vecchio 22/23,22/23,Via San Francesco Paolo Vecchio ,Matera,null,6
724,40.66313661,16.61166098,guest_house,En Suite,Emma Annagrazia Maria,vico Confalone 2,2,Vico Confalone ,Matera,null,4
725,40.64283712,16.62475767,guest_house,Solacium,Cataldo Di Pede,via t. ricciardi 63,63,Via T. Ricciardi ,Matera,null,6
726,40.664696,16.610535,guest_house,1824 Sasso Scritto,Renzi Vittoria,via Pennino 8/11,8/11,Via Pennino ,Matera,null,2
727,40.66895296,16.60682874,guest_house,A Casa Mia,Andreina Guarini,REC. MARIO PAGANO 5,5,Rec. Mario Pagano ,Matera,null,3
728,40.66221453,16.59593366,guest_house,Amoustache,Mostacci Michele,VIA PASSARELLI 137 BIS,137 BIS,Via Passarelli ,Matera,null,4
729,40.658075,16.59654967,guest_house,Bagni del Sole,Disimine Rosaria,CONTRADA SGARRONE,,Contrada Sgarrone,Matera,null,5
730,40.66710283,16.61085431,guest_house,Capriotti,Capriotti Olivio,via gradoni Duomo 23-28,23-28,Via Gradoni Duomo ,Matera,null,6
731,40.64744124,16.62839323,guest_house,Casale delle Piane,Di Pede Giuseppe,C.DA AGNA LE PIANE,,C.Da Agna Le Piane,Matera,null,4
732,40.6809587,16.57461036,guest_house,Casamia2019,Casamia Concetta,VIA TERENZIO 11,11,Via Terenzio ,Matera,null,
733,40.668139,16.604026,guest_house,Centrale,Mattei Marco,VICO VI NOVEMBRE,,Vico Vi Novembre,Matera,null,2
734,40.65183926,16.6178548,guest_house,Dal Vecchio Frantoio,Fraccalvieri Feliciana,REC MONTESCAGLIOSO 15,15,Rec Montescaglioso ,Matera,null,2
735,40.68834072,16.57575739,guest_house,Dalia,Perrone Pietro,REC II PAOLO BORSELLINO 8,8,Rec Ii Paolo Borsellino ,Matera,null,5
736,40.65312437,16.61797428,guest_house,Dany's House,Emanuele Papapietro,via Cappuccini 32,32,Via Cappuccini ,Matera,null,4
737,40.661288,16.611783,guest_house,Domina Sassi,Moliterni Raffaella,VIA CASALNUOVO 90,90,Via Casalnuovo ,Matera,null,6
738,40.64468926,16.62465384,guest_house,Domus Angela,Venezia Pierfrancesco,VIA T. RICCIARDI 13/3,13/3,Via T. Ricciardi ,Matera,null,2
739,40.66698282,16.60804635,guest_house,Donna Lina,Lascaro Angela,VICO FORNACI VECCHIE 7.8.9,7.8.9,Vico Fornaci Vecchie ,Matera,null,7
740,40.68791918,16.58735956,guest_house,Due Cuori e Un B&B,Filomena Fabrizio,VIA DEI MESSAPI 41,41,Via dei Messapi ,Matera,null,2
741,40.65990805,16.61155216,guest_house,Fortunato,Santochirico Eustachio,VIA GIUSTINO FORTUNATO  9,9,Via Giustino Fortunato  ,Matera,null,4
742,40.67503422,16.59834565,guest_house,I Due Archi,Giulio Fabrizio,via gobetti 51/A,51/A,Via Gobetti ,Matera,null,3
743,40.673471,16.607093,guest_house,Il Cielo sui Sassi,Laura Luongo,VIA CERERIE 4/B,4/B,Via Cererie ,Matera,null,3
744,40.66580356,16.61094328,guest_house,Il Colle della Civita,Nicoletti Domenico,REC.CASTELVECCHIO 5,5,Rec.Castelvecchio ,Matera,null,3
745,40.68894805,16.58609007,guest_house,Il Giardino di Italia,Isabella Guarini,VIA DEI MESSAPI 25 BIS,25 BIS,Via dei Messapi ,Matera,null,3
746,40.6690902,16.60372212,guest_house,Il Giglio dei Sassi,Manicone Anna,VIA L. PROTOSPATA  37,37,Via L. Protospata  ,Matera,null,2
747,40.64575826,16.6193574,guest_house,Il Girasole,Cappiello Anna Maria,REC. MASTRONARDI 2/e,2/e,Rec. Mastronardi ,Matera,null,3
748,40.65648624,16.58825676,guest_house,Il Pizzocannicchio,Ribecco Anna Maria,CONTRADA PIZZOCANNICCHIO,,Contrada Pizzocannicchio,Matera,null,4
750,40.6463614,16.62193795,guest_house,La Casa di Anna,Anna Maria Manicone,VIA RUTIGLIANO 5,5,Via Rutigliano ,Matera,null,7
751,40.68045914,16.58187237,guest_house,La Dolce Notte,Iannarella Sara,VIA VIRGILIO 5,5,Via Virgilio ,Matera,null,4
752,40.6698641,16.60752316,guest_house,La Formica,Monica Imbrea,VIA F. PAOLO VOLPE 6,6,Via F. Paolo Volpe ,Matera,null,6
753,40.64444282,16.62350028,guest_house,La Specchia,Belisario Cifarelli,VIA TEODORO RICCIARDI 8,8,Via Teodoro Ricciardi ,Matera,null,2
754,40.6635927,16.53448672,guest_house,L'Antico Borgo,Rossella Ferraroni,VIA DONATO DONATELLO 1 D,1 D,Via Donato Donatello ,Matera,null,4
755,40.666617,16.608589,guest_house,Le Rondinelle,Alessandro Sacco,rec.1¯ Fiorentini 1-2,1¯ Fiorentini 1-2,Rec.,Matera,null,6
756,40.67259074,16.60518062,guest_house,Matera  City,Santarcangelo Giuseppe,VIA GIOLITTI 25,25,Via Giolitti ,Matera,null,2
757,40.66809855,16.60845482,guest_house,Anima Pietra Suite,Grossi Francesco Paolo,PIAZZA SAN BIAGIO 3,3,Piazza San Biagio ,Matera,null,2
758,40.696678,16.585586,guest_house,Pineta Paducci,Padula Francesco,contrada Serra Paducci,,Contrada Serra Paducci,Matera,null,4
759,40.65509,16.586411,guest_house,Pozzo Misseo,Giuseppe Paolicelli,contrada Pozzo Misseo s.n.c.,,Contrada Pozzo Misseo S.N.C.,Matera,null,6
760,40.68341255,16.5868605,guest_house,President's Home,Marcella A. Casamassima,VIA DEGLI AUSONI 8,8,Via degli Ausoni ,Matera,null,4
764,40.6702249,16.60851939,guest_house,Terrazza sui Sassi,Mancino Michele,VIA PIAVE 35,35,Via Piave ,Matera,null,6
766,40.6693583,16.60364721,guest_house,B&B Papapietro,Papapietro Pasquale,VIA LUPO PROTOSPATA 37,37,Via Lupo Protospata ,Matera,null,4
767,40.66039618,16.6119212,guest_house,History,Festa Antonella,VIA LUCANA 278,278,Via Lucana ,Matera,null,4
768,40.66120131,16.61231107,guest_house,Sister's In Love,Giasi Giuseppe,REC 5°LUCANO 11,5°LUCANO 11,Rec ,Matera,null,2
769,40.66585784,16.6079427,guest_house,B & B Al Vico,Notaro Andrea,VICO SAN GIUSEPPE.31/33,31/33,Vico San Giuseppe.,Matera,null,4
770,40.66969542,16.60461049,guest_house,B & B Green,Maria Cristina Ferro,VIA L. PROTOSPATA 50,50,Via L. Protospata ,Matera,null,3
771,40.66566294,16.53338153,guest_house,Aron,Loponte Domenica Maria,VIALE MANTEGNA ANDREA 104,104,Viale Mantegna Andrea ,Matera,null,4
772,40.67046031,16.60299811,guest_house,B & B Orlando,Orlando Massimiliano,VIA L. PROTOSPATA 74,74,Via L. Protospata ,Matera,null,6
773,40.67873024,16.57594518,guest_house,B&B Elide,Di Pede Rosalba,VIA TARANTO 12,12,Via Taranto ,Matera,null,4
774,40.65948644,16.61217075,guest_house,Casa Cristallo,Valentina Cristallo,VIA G. FORTUNATO 39 piano terra,39 piano terra,Via G. Fortunato ,Matera,null,4
775,40.64510975,16.61730378,guest_house,Donna Nicla Matera,Albanese Andrea Pietro Giovanni,VIA TURI 50,50,Via Turi ,Matera,null,6
776,40.66767806,16.60985483,guest_house,B & B Da Ida,Ida Immacolata Riccardo,VIA SAN GENNARO VECCHIO 66,66,Via San Gennaro Vecchio ,Matera,null,8
778,40.66560544,16.61189422,guest_house,Corte dei Venti,Serena Altieri,VIA SAN GIACOMO 20,20,Via San Giacomo ,Matera,null,4
779,40.67165705,16.60363538,guest_house,Annunziatella 95,Maria Cristina Parente,VIA ANNUNZIATELLA 95,95,Via Annunziatella ,Matera,null,4
781,40.66559168,16.61182226,guest_house,Solosud,Paola De Donno,VIA SAN GIACOMO 16 17 18,16 17 18,Via San Giacomo ,Matera,null,7
783,40.6625417,16.61029961,guest_house,Dimora Lanfranchi,Marcello Coronella,VIA CASALNUOVO 8,8,Via Casalnuovo ,Matera ,null,2
784,40.64994866,16.62098773,guest_house,Sant'Agnese,Santarsia Chiara,VIA FRANCESCO NATALE FARINA1,1,Via Francesco Natale Farina,Matera,null,2
785,40.64593007,16.62160009,guest_house,Casa Azul,Claudia Pentasuglia,VIA MONS. CAVALLA 10,10,Via Mons. Cavalla ,Matera,null,4
786,40.6864277,16.57778443,guest_house,Giada,Bellarosa Rosa,VIA NINO ROTA 298,298,Via Nino Rota ,Matera,null,2
788,40.6845307,16.58651745,guest_house,A Casa di Bruna,Stifano Bruna,VIA DEI BRUZZI 66,66,Via dei Bruzzi ,Matera,null,3
789,40.66502674,16.60469011,guest_house,B & B Il Tramontano,Perrone Leonardo,VICO GRAMSCI 2,2,Vico Gramsci ,Matera,null,2
790,40.66760618,16.6094309,guest_house,Terra  Mater,Fabrizio Vincenzo,VIA SAN ROCCO 50,50,Via San Rocco ,Matera,null,3
791,40.66806028,16.60803122,guest_house,Terra Lucana B&B,Dimastrodonato Gianluca,vico xx settembre 58,58,Vico Xx Settembre ,Matera,null,6
793,40.66422022,16.61233328,guest_house,La Corte dei Pastori,Giordano Domenico,VIA BRUNO BUOZZI 4,4,Via Bruno Buozzi ,Matera,null,8
798,40.66441944,16.61202094,guest_house,Terrazza Casa Mia,Rossella Tosto,P.TTA S. P. CAVEOSO 10,10,P.Tta S. P. Caveoso ,Matera,null,2
800,40.66013145,16.6030351,guest_house,L'Abbabbio,Sergio Fadini,VIA DELLA QUERCIA 6,6,Via della Quercia ,Matera,null,2
801,40.67031207,16.60803974,guest_house,La Stanza sui Sassi,Arianna Montemurro,VIA G. PENTASUGLIA 11,11,Via G. Pentasuglia ,Matera,null,2
802,40.6475616,16.61861613,guest_house,B&B Green di Maria,Maria Clemente,VIA RAUL PAPINI 3,3,Via Raul Papini ,Matera,null,5
803,40.69790575,16.58212203,guest_house,Villa Oasi,Colavito Federica,C.DA SERRA PADUCCI,,C.Da Serra Paducci,Matera,null,3
804,40.67021539,16.59636516,guest_house,La Tua Casa a Matera,Ilvento Porzia,VIA LAZAZZERA 20,20,Via Lazazzera ,Matera,null,3
805,40.66187879,16.60902791,guest_house,La Pecora Nera,Burgi Cosimo,VIA CHIANCALATA 4-6,4-6,Via Chiancalata ,Matera,null,5
806,40.66258991,16.61135829,guest_house,Il Palazzotto del Caveoso,Spagnuolo Angelo Raffaele,VIA B. BUOZZI 39,39,Via B. Buozzi ,Matera,null,2
807,40.66288036,16.61101668,guest_house,Slow Living,Vezzoli Daniele,VIA SAN F. PAOLO VECCHIO 22-23,22-23,Via San F. Paolo Vecchio ,Matera,null,6
808,40.67031207,16.60803974,guest_house,La Stanza sui Sassi,Arianna Montemurro,VIA G. B. PENTASUGLIA 11,11,Via G. B. Pentasuglia ,Matera,null,2
809,40.64324121,16.62494136,guest_house,Villa Alba,Dartizio Rosalba,VIA T. RICCIARDI 53,53,Via T. Ricciardi ,Matera,null,4
810,40.66532461,16.61034031,guest_house,Palazzo Bernardini,Partipilo Papalia Anna Rosa,VIA ARCO DEL SEDILE 9,9,Via Arco del Sedile ,Matera,null,8
811,40.63820305,16.62320906,guest_house,B&B Zero,Mannarella Saverio Maria,CONTRADA AGNA SENZA NUMERO CIVICO,,Contrada Agna Senza Numero Civico,Matera,null,7
812,40.66751546,16.60957076,guest_house,B & B a Due Passi,Andrisani Francesco Paolo,VIA SAN GIOVANNI VECCHIO 35,35,Via San Giovanni Vecchio ,Matera,null,3
813,40.67636917,16.59623466,guest_house,Casa Maddalena Due,Persia Graziella,VIA VINCENZO PIZZILLI 5,5,Via Vincenzo Pizzilli ,Matera,null,3
814,40.6691528,16.60137467,guest_house,Le Colombine,Epifania Valentina,VIA DANTE 10,10,Via Dante ,Matera,null,4
819,40.66961,16.608905,guest_house,Mikasa,Pisciotta Vito Michele,VIA SANTA CESAREA 15,15,Via Santa Cesarea ,Matera,null,2
820,40.667059,16.604351,guest_house,All'Angolo,Spada Fulvio,VIA LUCANA 64,64,Via Lucana ,Matera,null,8
821,40.637225,16.63143,guest_house,Le Dimore All'Ofra,Rimedio Maria Teresa,CONTRADA SANT'ANGELO,,Contrada Sant'angelo,Matera,null,8
822,40.659854,16.611347,guest_house,Donna Gina,Di Cuia Nicola,VIA GIUSTINO FORTUNATO 7,7,Via Giustino Fortunato ,Matera,null,4
823,40.671348,16.608568,guest_house,4u,Giove Erasmo,VIA SANTO STEFANO 41,41,Via Santo Stefano ,Matera,null,3
824,40.668761,16.606013,guest_house,Xx Settembre,Tripani Domenico Antonio Luca,VIA XX SETTEMBRE 45,45,Via Xx Settembre ,Matera,null,8
825,40.672867,16.592737,guest_house,Nonna Giulia,Bruno Antonello,VIA DANTE ALIGHIERI 67 BIS,67 BIS,Via Dante Alighieri ,Matera,null,4
826,40.671951,16.60841,guest_house,Il Peccato Originale,Azzone Giovanni,VIA SANTO STEFANO 60,60,Via Santo Stefano ,Matera,null,5
827,40.659781,16.544787,guest_house,Villa Mater B&B,Schiuma Giovanni,VIA MONTICCHIO 1,1,Via Monticchio ,Matera,null,4
828,40.672549,16.607446,guest_house,Diomede,Giannolo Annalisa,VIA GIUSEPPE GATTINI 49,49,Via Giuseppe Gattini ,Matera,null,2
829,40.681142,16.580851,guest_house,La Casa di Stefano,Orsi Stefano,VIA VIRGILIO 5 -F-,5 -F-,Via Virgilio ,Matera,null,4
830,40.661206,16.606776,guest_house,Anna Suite Room B&B,Cristiano Anna Maria,VIA VINCENZO CAROPRESO 10,10,Via Vincenzo Caropreso ,Matera,null,2
831,40.636346,16.62225,guest_house,B & B Cuoreverde Matera,Iaconis Giovanna,CONTRADELLA GIARDINETTO GRAVINELLA,,Contradella Giardinetto Gravinella,Matera,null,4
832,40.670446,16.607716,guest_house,Dimora Centrale,D'Alema Francesco,VIA PENTASUGLIA 27,27,Via Pentasuglia ,Matera,null,4
833,40.676722,16.578338,guest_house,Il Cantagallo,Rosaria Roselli,VIA TARANTO 41,41,Via Taranto ,Matera ,null,2
834,40.66258,16.6114,guest_house,Il Palazzotto del Caveoso Due,Spagnuolo Giuseppe,VIA SAN FRANCESCO PAOLO VECCHIO 2 E 3,2 E 3,Via San Francesco Paolo Vecchio ,Matera,null,2
835,40.66784,16.61056,guest_house,Gradelle San Nicola,Festa Luca,GRADELLE SAN NICOLA DEL SOLE 13/15,13/15,Gradelle San Nicola del Sole ,Matera,null,4
836,,,guest_house,B&B Il Cucu',Commisso Elisabetta,VIA CASALNUOVO 227,227,Via Casalnuovo ,Matera,null,5
